,tradingsymbol,instrument_token,Company Name,Industry,Symbol,Series,ISIN Code,NSEsymbol
0,YESBANK,3050241,Yes Bank Ltd.,FINANCIAL SERVICES,YESBANK,EQ,INE528G01027,NSE:YESBANK
1,VEDL,784129,Vedanta Ltd.,METALS,VEDL,EQ,INE205A01025,NSE:VEDL
3,HINDALCO,348929,Hindalco Industries Ltd.,METALS,HINDALCO,EQ,INE038A01020,NSE:HINDALCO
6,TECHM,3465729,Tech Mahindra Ltd.,IT,TECHM,EQ,INE669C01036,NSE:TECHM
9,ITC,424961,I T C Ltd.,CONSUMER GOODS,ITC,EQ,INE154A01025,NSE:ITC
12,BHARTIARTL,2714625,Bharti Airtel Ltd.,TELECOM,BHARTIARTL,EQ,INE397D01024,NSE:BHARTIARTL
17,POWERGRID,3834113,Power Grid Corporation of India Ltd.,ENERGY,POWERGRID,EQ,INE752E01010,NSE:POWERGRID
19,BPCL,134657,Bharat Petroleum Corporation Ltd.,ENERGY,BPCL,EQ,INE029A01011,NSE:BPCL
20,SUNPHARMA,857857,Sun Pharmaceutical Industries Ltd.,PHARMA,SUNPHARMA,EQ,INE044A01036,NSE:SUNPHARMA
21,WIPRO,969473,Wipro Ltd.,IT,WIPRO,EQ,INE075A01022,NSE:WIPRO
22,GAIL,1207553,GAIL (India) Ltd.,ENERGY,GAIL,EQ,INE129A01019,NSE:GAIL
26,INFRATEL,7458561,Bharti Infratel Ltd.,TELECOM,INFRATEL,EQ,INE121J01017,NSE:INFRATEL
32,HINDPETRO,359937,Hindustan Petroleum Corporation Ltd.,ENERGY,HINDPETRO,EQ,INE094A01015,NSE:HINDPETRO
34,ICICIBANK,1270529,ICICI Bank Ltd.,FINANCIAL SERVICES,ICICIBANK,EQ,INE090A01021,NSE:ICICIBANK
36,ZEEL,975873,Zee Entertainment Enterprises Ltd.,MEDIA & ENTERTAINMENT,ZEEL,EQ,INE256A01028,NSE:ZEEL
37,TATASTEEL,895745,Tata Steel Ltd.,METALS,TATASTEEL,EQ,INE081A01012,NSE:TATASTEEL
38,CIPLA,177665,Cipla Ltd.,PHARMA,CIPLA,EQ,INE059A01026,NSE:CIPLA
41,SBIN,779521,State Bank of India,FINANCIAL SERVICES,SBIN,EQ,INE062A01020,NSE:SBIN
43,TATAMOTORS,884737,Tata Motors Ltd.,AUTOMOBILE,TATAMOTORS,EQ,INE155A01022,NSE:TATAMOTORS
44,AXISBANK,1510401,Axis Bank Ltd.,FINANCIAL SERVICES,AXISBANK,EQ,INE238A01034,NSE:AXISBANK
45,COALINDIA,5215745,Coal India Ltd.,METALS,COALINDIA,EQ,INE522F01014,NSE:COALINDIA
47,ADANIPORTS,3861249,Adani Ports and Special Economic Zone Ltd.,SERVICES,ADANIPORTS,EQ,INE742F01042,NSE:ADANIPORTS
