,average_price,cancelled_quantity,disclosed_quantity,exchange,exchange_order_id,exchange_timestamp,exchange_update_timestamp,filled_quantity,guid,instrument_token,market_protection,order_id,order_timestamp,order_type,parent_order_id,pending_quantity,placed_by,price,product,quantity,status,status_message,tag,tradingsymbol,transaction_type,trigger_price,validity,variety
0,0.0,0,0,NSE,1000000004807971,2018-05-28 14:37:10,,0,5Y4FvjhTaxBsYzi8,177665,0,180528001634353,2018-05-28 14:37:10,SL,,0,YK8879,542.7,BO,10,REJECTED,16315 : The limit price is worse than the trigger price,,CIPLA,BUY,544.0,DAY,bo
1,0.0,0,0,NSE,1000000004937684,2018-05-28 14:44:41,,0,EmPa8OSANav94qEG,177665,0,180528001665853,2018-05-28 14:44:41,SL,,0,YK8879,542.7,BO,10,REJECTED,16315 : The limit price is worse than the trigger price,,CIPLA,BUY,544.0,DAY,bo
2,0.0,0,0,NSE,1000000004961618,2018-05-28 14:46:13,,0,BCASqL0MATTFaH1n,177665,0,180528001672169,2018-05-28 14:46:13,SL,,0,YK8879,542.7,BO,10,REJECTED,16315 : The limit price is worse than the trigger price,,CIPLA,BUY,544.0,DAY,bo
3,542.15,0,0,NSE,1000000005003488,2018-05-28 14:49:05,,10,DXrJc356qLzSNr18,177665,0,180528001684060,2018-05-28 14:50:43,LIMIT,,0,YK8879,542.15,BO,10,COMPLETE,,,CIPLA,BUY,542.15,DAY,bo
4,542.35,0,0,NSE,1000000005024467,2018-05-28 14:50:17,,1,ikUaECFthi84FDJF,177665,0,180528001689310,2018-05-28 14:50:43,LIMIT,,0,YK8879,542.35,BO,1,COMPLETE,,,CIPLA,BUY,542.15,DAY,bo
5,0.0,1,1,NSE,1000000005031848,2018-05-28 15:07:44,,0,,177665,0,180528001691175,2018-05-28 15:07:44,LIMIT,180528001689310,1,YK8879,543.35,BO,1,CANCELLED,,,CIPLA,SELL,0.0,DAY,bo
6,541.35,0,0,NSE,1000000005031849,2018-05-28 15:07:44,,1,,177665,0,180528001691176,2018-05-28 15:07:44,LIMIT,180528001689310,0,YK8879,0.0,BO,1,COMPLETE,,,CIPLA,SELL,541.35,DAY,bo
7,0.0,10,10,NSE,1000000005031924,2018-05-28 15:08:40,,0,,177665,0,180528001691181,2018-05-28 15:08:40,LIMIT,180528001684060,10,YK8879,543.15,BO,10,CANCELLED,,,CIPLA,SELL,0.0,DAY,bo
8,541.1,0,0,NSE,1000000005031925,2018-05-28 15:08:40,,10,,177665,0,180528001691182,2018-05-28 15:08:40,LIMIT,180528001684060,0,YK8879,0.0,BO,10,COMPLETE,,,CIPLA,SELL,541.15,DAY,bo
9,0.0,0,0,NSE,1000000005434699,2018-05-28 15:14:36,,0,lVfRF7aZJB61wj5Z,177665,0,180528001792908,2018-05-28 15:14:36,SL,,0,YK8879,542.35,BO,1,REJECTED,16315 : The limit price is worse than the trigger price,,CIPLA,BUY,544.15,DAY,bo
