,average_price,cancelled_quantity,disclosed_quantity,exchange,exchange_order_id,exchange_timestamp,exchange_update_timestamp,filled_quantity,guid,instrument_token,market_protection,order_id,order_timestamp,order_type,parent_order_id,pending_quantity,placed_by,price,product,quantity,status,status_message,tag,tradingsymbol,transaction_type,trigger_price,validity,variety
0,0,0,0,NSE,,,,0,5Y4FvjhTaxBsYzi8,177665,0,180528001634353,2018-05-28 14:37:10,SL,,10,YK8879,542.7,BO,10,PUT ORDER REQ RECEIVED,,,CIPLA,BUY,544,DAY,bo
1,0,0,0,NSE,,,,0,5Y4FvjhTaxBsYzi8,177665,0,180528001634353,2018-05-28 14:37:10,SL,,10,YK8879,542.7,BO,10,VALIDATION PENDING,,,CIPLA,BUY,544,DAY,bo
2,0,0,0,NSE,,,,0,5Y4FvjhTaxBsYzi8,177665,0,180528001634353,2018-05-28 14:37:10,SL,,10,YK8879,542.7,BO,10,OPEN PENDING,,,CIPLA,BUY,544,DAY,bo
3,0,0,0,NSE,1000000004807971,2018-05-28 14:37:10,,0,5Y4FvjhTaxBsYzi8,177665,0,180528001634353,2018-05-28 14:37:10,SL,,0,YK8879,542.7,BO,10,REJECTED,16315 : The limit price is worse than the trigger price,,CIPLA,BUY,544,DAY,bo
