,average_price,cancelled_quantity,disclosed_quantity,exchange,exchange_order_id,exchange_timestamp,exchange_update_timestamp,filled_quantity,guid,instrument_token,market_protection,order_id,order_timestamp,order_type,parent_order_id,pending_quantity,placed_by,price,product,quantity,status,status_message,tag,tradingsymbol,transaction_type,trigger_price,validity,variety
0,0,0,0,NSE,,,,0,dxhMKSVr41614Vkq,1270529,0,180529000005810,2018-05-29 08:01:29,SL,,1,YK8879,299.35,BO,1,PUT ORDER REQ RECEIVED,,,ICICIBANK,BUY,299.35,DAY,bo
1,0,0,0,NSE,,,,0,dxhMKSVr41614Vkq,1270529,0,180529000005810,2018-05-29 08:01:29,SL,,1,YK8879,299.35,BO,1,VALIDATION PENDING,,,ICICIBANK,BUY,299.35,DAY,bo
2,0,0,0,NSE,,,,0,dxhMKSVr41614Vkq,1270529,0,180529000005810,2018-05-29 08:01:29,SL,,1,YK8879,299.35,BO,1,OPEN PENDING,,,ICICIBANK,BUY,299.35,DAY,bo
3,0,0,0,NSE,1100000000000121,2018-05-29 08:01:29,,0,dxhMKSVr41614Vkq,1270529,0,180529000005810,2018-05-29 08:01:29,SL,,0,YK8879,299.35,BO,1,REJECTED,16387 : Security is not allowed to trade in this market,,ICICIBANK,BUY,299.35,DAY,bo
